"title","slug","description","price","course_image","start_date","published"
"McClure, Davis and Macejkovic","minus-sunt-accusamus-aut-voluptatum-voluptatem-molestiae-quo","Provident voluptatem ipsa officia reiciendis rerum non delectus. Quis adipisci assumenda omnis voluptas dicta impedit. Aut aut sunt cum voluptatem rem iste. A quia quisquam corrupti error. Voluptates modi aliquid voluptatem et dolor voluptatem.","823981","https://lorempixel.com/640/480/?16735","1983-09-19","4"
"Spencer PLC","aperiam-voluptas-aut-praesentium","Non vel eligendi molestias quia amet blanditiis. Et natus et nostrum ducimus aut. Sed et voluptas minus sit illum tempore.","319","https://lorempixel.com/640/480/?51373","1980-02-24","5"
"Harber and Sons","occaecati-est-qui-repellat-itaque-suscipit-sit","Magnam aliquid sequi provident id a et id. Eius iure aut laborum voluptate optio aliquam repellendus voluptatum. Sit est voluptatem porro accusantium libero mollitia excepturi.","6833","https://lorempixel.com/640/480/?10239","1994-04-18","4"
"Schmidt, Walsh and Rodriguez","eos-odit-et-modi-velit-corrupti-iste-voluptatem-occaecati","Adipisci maxime similique hic voluptatem exercitationem earum modi. Ut nihil ad iste dolores voluptatem. Non sunt impedit impedit sit sequi. Eveniet porro incidunt quas quam exercitationem dolorem.","990","https://lorempixel.com/640/480/?72212","1995-12-09","2"
"Hyatt, Mann and Donnelly","vitae-maxime-expedita-voluptatum-sed-amet-nemo-nihil","Ad voluptas nihil quo. Nam et adipisci placeat numquam et vel. Facilis architecto aut architecto accusamus nobis quasi. Dolores nemo excepturi sint eveniet sapiente et id.","24268100","https://lorempixel.com/640/480/?36918","1984-05-31","4"
"Windler, Dare and Pfannerstill","iure-labore-cumque-ipsum-et","Harum facere nihil perferendis et. Commodi omnis harum placeat. Voluptas laudantium illo possimus expedita qui officiis natus.","834790316","https://lorempixel.com/640/480/?69401","1981-11-26","2"
"Lemke, Hodkiewicz and Kozey","numquam-eligendi-reiciendis-culpa-voluptatem-laudantium-fuga-ut","Neque nesciunt aut modi nihil enim odit. Voluptatem quis sint consequuntur sequi doloremque explicabo voluptatibus. Assumenda et qui nemo enim repellat.","1","https://lorempixel.com/640/480/?87190","2000-06-06","0"
"Dicki-Reynolds","quo-aut-corrupti-deserunt-consequatur","Fuga eaque mollitia incidunt aut. Modi minima qui voluptatum ipsam.","71","https://lorempixel.com/640/480/?26729","2010-03-09","9"
"Kemmer-Connelly","quaerat-nihil-est-nam-facere-ipsam","Aut commodi unde sit est excepturi omnis sunt. Numquam et nemo sed dolores est iste. Velit blanditiis officia quidem reiciendis rem nemo. Sint dolores autem quod quos veniam.","11","https://lorempixel.com/640/480/?50979","1995-05-28","1"
"Kutch-D'Amore","voluptatem-aut-beatae-velit-magni-voluptatem-expedita-est","Est qui aperiam esse molestias. Non illum voluptatibus ipsam facilis saepe libero. Vel a qui rerum ut blanditiis velit.","4","https://lorempixel.com/640/480/?49061","2016-06-30","8"
"McCullough LLC","est-vero-aut-ut","Aliquid facilis mollitia explicabo eum modi et. Aliquam sint est reprehenderit in dolorem nemo delectus. Dolor enim ad nihil esse in et ratione aut. Laboriosam ipsum temporibus quo libero.","3793932","https://lorempixel.com/640/480/?74455","1985-11-07","1"
"Hahn Ltd","facilis-dolorem-nostrum-et-earum-dolores-earum-quia","Qui aut laborum accusantium aperiam. Sit omnis cum harum illo quidem ab perspiciatis quam.","3","https://lorempixel.com/640/480/?63732","1992-03-11","0"
"Feeney-Collins","harum-fugiat-quis-et-quis-ut","Cupiditate sed recusandae maiores velit. Excepturi et aut repudiandae. Eaque eveniet pariatur dolorum.","2","https://lorempixel.com/640/480/?16732","1976-09-02","4"
"Macejkovic and Sons","omnis-cumque-pariatur-eos-veniam-in-quia","Quibusdam quia voluptas asperiores sit quam ut voluptas corrupti. Porro qui earum in esse est eos asperiores. Voluptates et fugiat aut aliquam aliquam libero. Dolorum accusamus quis et veritatis ab ut at. Reiciendis est voluptatem quo animi qui mollitia sed.","8246","https://lorempixel.com/640/480/?73157","1980-07-08","7"
"Cruickshank-Ondricka","quia-ut-sunt-rerum-voluptatem","Esse id est quibusdam ullam. Nihil odit ipsa et non aliquam. Sed et voluptas in qui.","807","https://lorempixel.com/640/480/?66805","2016-06-12","9"
"Schmitt-Mitchell","est-enim-quo-consequatur-id-harum-eos","Provident non nostrum voluptatum consectetur officia. Aut doloribus quaerat itaque cum excepturi. Omnis corporis dolor incidunt id incidunt ut accusamus.","2","https://lorempixel.com/640/480/?14376","1986-11-21","0"
"Fritsch-Hoppe","et-sunt-sit-sed-molestiae-voluptatem-molestiae-velit","Voluptas autem facere laborum sit sed sint. Maiores id voluptas odio reiciendis. Ut aliquid fugiat ut eos perspiciatis earum et.","499","https://lorempixel.com/640/480/?24098","1986-08-21","8"
"Tremblay-Hamill","laboriosam-et-ut-voluptates-consequatur","Quae eos perspiciatis sunt corporis sit aut qui. Voluptas qui iure fuga tempora optio. Sapiente necessitatibus quia voluptate sunt. Commodi velit accusantium aut nesciunt explicabo delectus qui. In dolor dolores consequatur aliquid facilis aut et ab.","28630704","https://lorempixel.com/640/480/?73215","1987-05-29","0"
"Graham-McLaughlin","eos-exercitationem-dicta-quis-velit","Eius excepturi eum voluptates deleniti et. Veniam ipsam earum aut sit sit aperiam laudantium. Fugiat reprehenderit expedita commodi.","90810","https://lorempixel.com/640/480/?72260","1998-02-01","0"
"Lang and Sons","minus-et-sunt-consequuntur","Eos necessitatibus consectetur eveniet harum iste qui et. Dolor nam molestias voluptatem cupiditate asperiores quia praesentium. Consequatur porro sequi et eligendi provident dolorum.","56257623","https://lorempixel.com/640/480/?69297","1992-12-13","6"
"Goodwin Inc","autem-aspernatur-libero-omnis-minima-amet-quo-architecto","Quos impedit exercitationem dolorum sit. Quidem ut veniam impedit molestiae sapiente. Cupiditate ea cumque optio dignissimos quia dolores.","346368","https://lorempixel.com/640/480/?17796","1987-11-03","4"
"Hermiston, Boyer and Grant","sint-pariatur-dolores-reiciendis-aliquid-quasi-itaque-fugiat","Tempore at qui ut eius deleniti rerum voluptatum. Esse in dolores et excepturi delectus facilis. Voluptatibus velit in voluptatum reprehenderit dolorem ut. Excepturi natus doloribus sunt ut odit tempora nesciunt.","515579","https://lorempixel.com/640/480/?92910","1974-06-05","4"
"Orn, Boyer and Runte","sapiente-nisi-hic-qui-optio-dolor","Maiores quia corrupti atque minus ipsa. Consequatur qui quos non aliquid. Ratione voluptatum ut voluptate fuga corporis aut. Mollitia error voluptate rerum hic dignissimos.","64","https://lorempixel.com/640/480/?86032","2013-08-20","1"
"Donnelly-Graham","mollitia-nulla-tempora-impedit-laudantium-in","Animi voluptatum eveniet quod occaecati impedit. Id sint cumque saepe accusantium. Vel quos et vel. Tempore sit ex nulla quo deserunt qui.","23381692","https://lorempixel.com/640/480/?67521","1998-10-10","6"
"Keeling, Ziemann and Ryan","sed-dolores-et-omnis-est-temporibus-labore-nulla-accusamus","Aut itaque aspernatur molestias ducimus dolorem ea. Temporibus unde laudantium ea et qui earum cupiditate. Id vero ut qui est. Cum nobis eos saepe quasi.","99949998","https://lorempixel.com/640/480/?97432","1985-05-09","5"
"Schultz Ltd","ipsam-dolorem-vero-numquam-provident","In cupiditate sed laboriosam odio veniam aut ut. Quo porro soluta quia provident eveniet voluptate molestias. Soluta corporis sit eveniet unde consectetur amet.","50026","https://lorempixel.com/640/480/?20414","1994-04-07","2"
"Frami, Keebler and Kuvalis","voluptatum-dolorem-nihil-delectus","Sit iste ex laborum vero dolor reiciendis. Vitae dolor exercitationem est quia velit temporibus vero aut. Eum doloremque quo error itaque iste libero at. Porro dolor rerum et labore.","587","https://lorempixel.com/640/480/?82236","2003-03-02","9"
"Russel-Price","occaecati-ab-occaecati-id-eligendi-aspernatur","Libero nesciunt perferendis quas aliquam vel in nostrum. Id qui consequatur inventore molestiae esse voluptatum. Nisi aut esse a nobis in assumenda. Architecto non facilis vitae.","9482","https://lorempixel.com/640/480/?84588","1990-02-22","5"
"Lueilwitz and Sons","voluptatem-ipsum-rerum-accusamus-est","Sit optio magni sequi quisquam. Ratione odit et facilis velit ad. Voluptates ratione voluptatem ut quam laudantium reiciendis. Aperiam rerum ratione eos at sit.","16226151","https://lorempixel.com/640/480/?10019","1972-06-13","9"
"Pacocha, Deckow and Morissette","rem-rem-dicta-repellat-voluptate-sequi-repellat-vel","Et nihil voluptas perferendis facilis quibusdam. Placeat qui beatae voluptatem ipsum dolorem nihil quos. Quo non repellendus numquam consequuntur.","997","https://lorempixel.com/640/480/?55193","1974-11-08","1"
"Moore PLC","earum-possimus-doloremque-nihil-et-sit-excepturi-possimus","Voluptatum aut blanditiis autem quis. Provident quibusdam ullam natus. Cupiditate ducimus aut reiciendis. Fugiat velit excepturi at asperiores dolorem molestiae.","7693182","https://lorempixel.com/640/480/?48444","1975-07-08","7"
"Kutch-Wyman","culpa-qui-consequatur-voluptas-eum-neque-est","Sequi veritatis quam qui aliquam consequuntur quam vel. Totam rerum provident rerum reiciendis. Officiis accusantium voluptas sapiente molestiae et.","26","https://lorempixel.com/640/480/?51502","2010-08-06","5"
"Keeling-Nienow","consequatur-vel-voluptates-minus","Voluptatum voluptatibus voluptatem est fugiat sequi nihil. Voluptatem inventore quibusdam sed labore.","7849","https://lorempixel.com/640/480/?84802","2001-09-15","6"
"Medhurst-Shanahan","quod-dignissimos-veniam-molestiae-sed-laudantium-esse-numquam-accusamus","Adipisci numquam quasi architecto hic atque amet. Quasi ipsa labore quam accusamus explicabo. Expedita accusantium eligendi quod. Voluptatem maxime omnis amet dolor rem enim sunt quod.","400586702","https://lorempixel.com/640/480/?84430","1988-03-30","9"
"Haley-Zulauf","accusantium-rerum-quis-a-ullam-aut-delectus-provident","Ut quis ut id delectus iusto dolorem omnis. Hic voluptas et aut quos quo vero. Sed aspernatur quia incidunt aut repudiandae qui. Soluta velit deleniti quis eos.","165800711","https://lorempixel.com/640/480/?23346","1978-08-30","9"
"Shanahan, Trantow and Walsh","quis-architecto-qui-minus-quo-totam","Quas hic et earum delectus facere ex rem quae. Officiis ad ut quidem culpa. Velit praesentium sint dicta eaque sint mollitia vel cum.","89828","https://lorempixel.com/640/480/?12465","1979-05-18","0"
"Tremblay and Sons","adipisci-ducimus-dignissimos-a-qui-voluptatem-et-praesentium","Quia temporibus quia quas repudiandae odit. Maxime autem et nihil. Consequuntur veniam architecto asperiores dolor. Sit beatae quibusdam voluptatibus labore consequuntur corporis quos.","2","https://lorempixel.com/640/480/?34179","2019-01-02","5"
"Kozey and Sons","voluptatem-voluptatem-commodi-voluptatem-provident-qui-quaerat-unde","Laudantium ipsam expedita ex ad soluta omnis repellendus. Dolorum odio ratione eligendi qui. In cum nulla animi consequatur dolor et. Atque vero est cumque laborum cumque asperiores.","239563","https://lorempixel.com/640/480/?19438","1981-05-14","1"
"Gleason-Dickens","perspiciatis-a-voluptatem-ducimus-aliquid-esse-quidem-et-eius","Velit deleniti ex illo tempora voluptas. Sed quod et temporibus consequuntur eos neque quam. Voluptas ratione at illo assumenda nemo. Quisquam qui voluptas sit ullam.","844","https://lorempixel.com/640/480/?55834","2005-11-26","4"
"Conroy, Wolf and Dach","libero-rem-earum-nemo-consequatur-occaecati-ducimus","Aut eum sunt fuga consequuntur. Quasi nostrum ab aut praesentium fugiat fuga et. Perferendis non repellendus qui aliquam.","825021","https://lorempixel.com/640/480/?79950","2015-11-30","7"
"Johnson-Thiel","sit-est-sed-cum-iusto-vitae-consequatur-beatae","Fuga perspiciatis occaecati placeat totam voluptatem tenetur culpa. Magni non atque aut culpa nisi. Quo laudantium facilis ab nihil. Et est eveniet sed porro et tempora non.","6911","https://lorempixel.com/640/480/?30405","2000-02-06","1"
"Abbott PLC","et-quisquam-ut-rerum-ullam-ipsum-unde-aut","Ullam perspiciatis explicabo vitae est nisi. Veniam vel ab debitis nulla. Voluptatem fugiat quae laboriosam excepturi vitae exercitationem. Mollitia accusantium consequatur et nesciunt et est.","4","https://lorempixel.com/640/480/?19549","2012-05-18","5"
"Little Group","vero-quia-et-illo-fugit-illum-ut-sed-et","Illum consequatur corrupti ut. Beatae aperiam libero omnis dolorem quidem reiciendis deserunt. Qui iste voluptas id harum iste sint velit. Quidem distinctio vel non dolore eos voluptas.","4144","https://lorempixel.com/640/480/?98975","1992-07-17","2"
"Goyette-Kirlin","architecto-nobis-provident-sunt-maiores-ut","Et voluptatem modi cupiditate consequatur non. Cumque similique sapiente suscipit. Deserunt est itaque voluptas possimus quis tenetur officiis.","440874","https://lorempixel.com/640/480/?99469","1973-08-22","5"
"Bosco Ltd","laboriosam-et-velit-adipisci-quo-officiis","Doloremque alias eum minus perspiciatis. Non numquam sunt est aut qui quaerat. Recusandae et voluptatibus in aut velit eum recusandae. Atque rem omnis accusamus dolore architecto magni incidunt.","797570","https://lorempixel.com/640/480/?18611","1978-03-28","4"
"Rolfson LLC","eius-dolores-voluptatem-occaecati-numquam-dolores-odit","Cum ipsum quia accusamus. Consequatur rerum quo corporis fugit tempore magnam aut. Libero rerum est aut vero sit ea iste.","387843729","https://lorempixel.com/640/480/?68937","1972-09-12","5"
"Bergstrom-Hudson","sunt-inventore-debitis-sit-veritatis-quibusdam","Suscipit doloremque qui quia occaecati voluptas omnis. Consectetur similique accusantium tempore dolor. Ea voluptatem omnis distinctio perferendis.","475476","https://lorempixel.com/640/480/?57868","1976-11-20","1"
"Waters-Kovacek","tempore-error-corrupti-voluptatibus","Excepturi excepturi corporis animi. Consectetur et voluptatem aut eum. Sed omnis non et saepe. Voluptatibus et aspernatur dignissimos. Architecto eveniet iure earum ipsum reiciendis corporis.","62","https://lorempixel.com/640/480/?31667","1985-12-15","1"
"Schmidt, Walsh and Pacocha","aut-libero-atque-culpa-est-voluptatem","Aperiam et sed dolorum quis. Id in atque voluptatem quam qui voluptas. Consequatur architecto accusamus sapiente tenetur. Consectetur nemo voluptas quia sed numquam dolorum.","988","https://lorempixel.com/640/480/?56766","2014-04-17","8"
"Swift LLC","vel-qui-et-qui-est-quis-ex","Nihil nostrum accusamus nostrum fugit illo eveniet aut. Ut eum amet modi fuga. Est dolor quidem magni asperiores. Nihil deserunt voluptates iusto nam similique assumenda.","40011","https://lorempixel.com/640/480/?20477","1982-05-02","0"
